Company Name,Website,State
Tyler Technologies,tylertech.com,TX
Acme Construction LLC,acmebuilders.com,FL
First National Bank,fnb.com,OH
Smith & Jones Attorneys at Law,smithjones.com,NY
Acme HVAC and Plumbing,acmehvac.com,GA
Civic Systems Inc,civicsys.com,CA
Granicus,granicus.com,CO
OpenGov,opengov.com,CA
Beard Plumbing,beardplumbing.com,FL
Quantum Engineering Software,quantumeng.com,WA
Sigma Engineering Associates,sigmaeng.com,IL
Veritas Real Estate Brokers,veritasre.com,NJ
ChiroCare Family Practice,chirocare.com,CA
Axon Public Safety,axon.com,AZ
Capital Wealth Management,capitalwealth.com,MA
Motorola Solutions,motorolasolutions.com,IL
NIC Inc,nicusa.com,KS
Acme Roofing & Drywall,acmeroof.com,TX
Frontier Real Estate Realtors,frontierre.com,UT
Esri,esri.com,CA
